{
    "1": {
        "affected": 112.7406855,
        "area": 0.8437958013705082,
        "day_fatals": 0.034927016,
        "debris_bw": 1563.420296,
        "debris_cs": 386.431396,
        "destroy_by_pop": 0.0,
        "destroyed": 0.0,
        "displ_house": 3.767431974,
        "econ_loss": 2557902.6,
        "households": 1306.0,
        "major": 10.28412684,
        "minor": 52.97197916,
        "nite_fatals": 0.05468866,
        "no_damage": 1175.713694,
        "population": 3720.0,
        "res1_affect": 99.34857428,
        "res2_affect": 4.105023026,
        "shelter": 2.448421001
    },
    "10": {
        "affected": 54.07357916,
        "area": 70.37069013447166,
        "day_fatals": 0.003950805,
        "debris_bw": 299.9376059,
        "debris_cs": 106.3928381,
        "destroy_by_pop": 0.0,
        "destroyed": 0.0,
        "displ_house": 0.177372232,
        "econ_loss": 825044.9,
        "households": 1354.0,
        "major": 2.07504999,
        "minor": 16.83570429,
        "nite_fatals": 0.007583175,
        "no_damage": 1506.846824,
        "population": 4206.0,
        "res1_affect": 37.18037844,
        "res2_affect": 11.38150024,
        "shelter": 0.115928568
    },
    "100": {
        "affected": 443.8280044,
        "area": 1.0038606356477326,
        "day_fatals": 9.351863787,
        "debris_bw": 45696.15936,
        "debris_cs": 38243.82401,
        "destroy_by_pop": 0.04678022740410348,
        "destroyed": 262.2031746,
        "displ_house": 247.0439606,
        "econ_loss": 220460099.7,
        "households": 1626.0,
        "major": 262.2544816,
        "minor": 389.0757293,
        "nite_fatals": 11.97288788,
        "no_damage": 372.6386307,
        "population": 5605.0,
        "res1_affect": 426.206182,
        "res2_affect": 0.403600007,
        "shelter": 176.3582153
    }
}
